INSERT INTO ROL(code, nombre) VALUES 
    ('ROL_00', 'Rol no asignado'),
    ('ROL_01', 'Administrador'),
    ('ROL_02', 'Usuario');

SELECT * FROM ROL;

insert into DIRECTOR (code, nombre, apellido) values ('DIR_00', 'No data', 'No data');
insert into DIRECTOR (code, nombre, apellido) values ('DIR_01', 'Damien', 'Longbottom');
insert into DIRECTOR (code, nombre, apellido) values ('DIR_02', 'Hagen', 'Mulchrone');
insert into DIRECTOR (code, nombre, apellido) values ('DIR_03', 'Joya', 'Tollerton');
insert into DIRECTOR (code, nombre, apellido) values ('DIR_04', 'Theadora', 'Keymar');
insert into DIRECTOR (code, nombre, apellido) values ('DIR_05', 'Abbi', 'Belward');
insert into DIRECTOR (code, nombre, apellido) values ('DIR_06', 'Kerr', 'Petett');
insert into DIRECTOR (code, nombre, apellido) values ('DIR_07', 'Obediah', 'Wigfall');
insert into DIRECTOR (code, nombre, apellido) values ('DIR_08', 'Atlante', 'Lilloe');
insert into DIRECTOR (code, nombre, apellido) values ('DIR_09', 'Zelma', 'Giacubo');
insert into DIRECTOR (code, nombre, apellido) values ('DIR_10', 'Livia', 'Longfut');
insert into DIRECTOR (code, nombre, apellido) values ('DIR_11', 'Cord', 'Blampied');
insert into DIRECTOR (code, nombre, apellido) values ('DIR_12', 'Maurise', 'Dibson');
insert into DIRECTOR (code, nombre, apellido) values ('DIR_13', 'Nolana', 'Schaben');
insert into DIRECTOR (code, nombre, apellido) values ('DIR_14', 'Seamus', 'McFadin');
insert into DIRECTOR (code, nombre, apellido) values ('DIR_15', 'Shayla', 'Wallis');

SELECT * FROM DIRECTOR;

insert into GENERO (code, nombre) values ('GEN_00', 'Sin Género');
insert into GENERO (code, nombre) values ('GEN_01', 'Crime');
insert into GENERO (code, nombre) values ('GEN_02', 'Horror');
insert into GENERO (code, nombre) values ('GEN_03', 'Action');
insert into GENERO (code, nombre) values ('GEN_04', 'Documentary');
insert into GENERO (code, nombre) values ('GEN_05', 'Drama');
insert into GENERO (code, nombre) values ('GEN_06', 'Sci-fy');
insert into GENERO (code, nombre) values ('GEN_07', 'Romance');
insert into GENERO (code, nombre) values ('GEN_08', 'Comedy');
insert into GENERO (code, nombre) values ('GEN_09', 'Children');
insert into GENERO (code, nombre) values ('GEN_10', 'Fantasy');

SELECT * FROM GENERO;

INSERT INTO USUARIO VALUES(
    '22577777-5',
    'Douglas',
    'Hernández',
    'UCA',
    '1997-12-12',
    'dohernandez@uca.edu.sv',
    '22577777',
    'ROL_01'
);

insert into PELICULA (code, titulo, estreno, precio, duracion, stock, descripcion, id_genero, id_director, id_usuario) values ('288218942-7', 'Telstar: The Joe Meek Story', '1961-12-25 01:32:19', 38, 105, 9, 'Vestibulum quam sapien, varius ut, blandit non, interdum in, ante. Vestibulum ante ipsum primis in faucibus orci luctus et ultrices posuere cubilia Curae; Duis faucibus accumsan odio. Curabitur convallis.', 'GEN_09', 'DIR_14', '22577777-5');
insert into PELICULA (code, titulo, estreno, precio, duracion, stock, descripcion, id_genero, id_director, id_usuario) values ('281773698-2', 'Small Roads', '1995-03-09 21:28:49', 100, 107, 5, 'Etiam vel augue. Vestibulum rutrum rutrum neque. Aenean auctor gravida sem.', 'GEN_06', 'DIR_15', '22577777-5');
insert into PELICULA (code, titulo, estreno, precio, duracion, stock, descripcion, id_genero, id_director, id_usuario) values ('727608607-0', 'Others, The', '1956-06-22 13:18:54', 43, 77, 8, 'Integer tincidunt ante vel ipsum. Praesent blandit lacinia erat. Vestibulum sed magna at nunc commodo placerat.', 'GEN_08', 'DIR_08', '22577777-5');
insert into PELICULA (code, titulo, estreno, precio, duracion, stock, descripcion, id_genero, id_director, id_usuario) values ('541555212-X', 'Kill Buljo: The Movie', '1949-10-22 16:41:00', 89, 88, 10, 'Proin interdum mauris non ligula pellentesque ultrices. Phasellus id sapien in sapien iaculis congue. Vivamus metus arcu, adipiscing molestie, hendrerit at, vulputate vitae, nisl.', 'GEN_09', 'DIR_03', '22577777-5');
insert into PELICULA (code, titulo, estreno, precio, duracion, stock, descripcion, id_genero, id_director, id_usuario) values ('681197725-6', 'Light at the Edge of the World, The', '2004-06-29 07:02:50', 47, 68, 5, 'Duis bibendum, felis sed interdum venenatis, turpis enim blandit mi, in porttitor pede justo eu massa. Donec dapibus. Duis at velit eu est congue elementum.', 'GEN_01', 'DIR_06', '22577777-5');
insert into PELICULA (code, titulo, estreno, precio, duracion, stock, descripcion, id_genero, id_director, id_usuario) values ('320269839-7', 'Dogs in Space', '1929-05-03 20:40:35', 98, 69, 9, 'Vestibulum quam sapien, varius ut, blandit non, interdum in, ante. Vestibulum ante ipsum primis in faucibus orci luctus et ultrices posuere cubilia Curae; Duis faucibus accumsan odio. Curabitur convallis.', 'GEN_01', 'DIR_01', '22577777-5');
insert into PELICULA (code, titulo, estreno, precio, duracion, stock, descripcion, id_genero, id_director, id_usuario) values ('380680081-2', 'Mortician, The', '1909-04-12 23:26:45', 53, 86, 6, 'Nullam porttitor lacus at turpis. Donec posuere metus vitae ipsum. Aliquam non mauris.', 'GEN_10', 'DIR_08', '22577777-5');
insert into PELICULA (code, titulo, estreno, precio, duracion, stock, descripcion, id_genero, id_director, id_usuario) values ('740328089-X', 'Aliyah (Alyah) ', '2005-03-15 06:20:01', 34, 109, 10, 'Aliquam quis turpis eget elit sodales scelerisque. Mauris sit amet eros. Suspendisse accumsan tortor quis turpis.', 'GEN_07', 'DIR_10', '22577777-5');
insert into PELICULA (code, titulo, estreno, precio, duracion, stock, descripcion, id_genero, id_director, id_usuario) values ('212254776-6', 'Joker', '1908-08-06 04:45:58', 33, 90, 6, 'Proin eu mi. Nulla ac enim. In tempor, turpis nec euismod scelerisque, quam turpis adipiscing lorem, vitae mattis nibh ligula nec sem.', 'GEN_04', 'DIR_08', '22577777-5');
insert into PELICULA (code, titulo, estreno, precio, duracion, stock, descripcion, id_genero, id_director, id_usuario) values ('459206942-0', 'Five Corners', '2007-02-24 03:19:12', 32, 69, 9, 'Pellentesque at nulla. Suspendisse potenti. Cras in purus eu magna vulputate luctus.', 'GEN_04', 'DIR_10', '22577777-5');
insert into PELICULA (code, titulo, estreno, precio, duracion, stock, descripcion, id_genero, id_director, id_usuario) values ('338092791-0', 'Five Card Stud (a.k.a. 5 Card Stud)', '1982-02-05 17:03:34', 35, 32, 8, 'Maecenas leo odio, condimentum id, luctus nec, molestie sed, justo. Pellentesque viverra pede ac diam. Cras pellentesque volutpat dui.', 'GEN_08', 'DIR_10', '22577777-5');
insert into PELICULA (code, titulo, estreno, precio, duracion, stock, descripcion, id_genero, id_director, id_usuario) values ('543762085-3', 'Saps at Sea', '1934-10-26 22:23:36', 30, 109, 8, 'Phasellus in felis. Donec semper sapien a libero. Nam dui.', 'GEN_04', 'DIR_05', '22577777-5');
insert into PELICULA (code, titulo, estreno, precio, duracion, stock, descripcion, id_genero, id_director, id_usuario) values ('325849527-0', 'Death at a Funeral', '1939-06-02 19:53:31', 71, 61, 10, 'Duis aliquam convallis nunc. Proin at turpis a pede posuere nonummy. Integer non velit.', 'GEN_09', 'DIR_13', '22577777-5');
insert into PELICULA (code, titulo, estreno, precio, duracion, stock, descripcion, id_genero, id_director, id_usuario) values ('494168586-5', 'Dead Ringer', '1926-02-28 05:24:34', 51, 59, 7, 'Duis aliquam convallis nunc. Proin at turpis a pede posuere nonummy. Integer non velit.', 'GEN_09', 'DIR_01', '22577777-5');
insert into PELICULA (code, titulo, estreno, precio, duracion, stock, descripcion, id_genero, id_director, id_usuario) values ('733312450-9', 'Perfect World, A', '1977-10-19 01:26:05', 45, 72, 7, 'Aliquam quis turpis eget elit sodales scelerisque. Mauris sit amet eros. Suspendisse accumsan tortor quis turpis.', 'GEN_05', 'DIR_09', '22577777-5');
insert into PELICULA (code, titulo, estreno, precio, duracion, stock, descripcion, id_genero, id_director, id_usuario) values ('776619440-6', 'Captain from Castile', '1990-12-02 08:19:08', 71, 92, 8, 'Suspendisse potenti. In eleifend quam a odio. In hac habitasse platea dictumst.', 'GEN_05', 'DIR_01', '22577777-5');
insert into PELICULA (code, titulo, estreno, precio, duracion, stock, descripcion, id_genero, id_director, id_usuario) values ('142616132-8', 'Last of the Mohicans, The', '1997-08-16 17:09:32', 64, 103, 10, 'Integer ac leo. Pellentesque ultrices mattis odio. Donec vitae nisi.', 'GEN_05', 'DIR_11', '22577777-5');
insert into PELICULA (code, titulo, estreno, precio, duracion, stock, descripcion, id_genero, id_director, id_usuario) values ('090157933-5', 'Voyager (Homo Faber)', '1936-12-10 08:32:21', 37, 39, 8, 'Pellentesque at nulla. Suspendisse potenti. Cras in purus eu magna vulputate luctus.', 'GEN_01', 'DIR_04', '22577777-5');
insert into PELICULA (code, titulo, estreno, precio, duracion, stock, descripcion, id_genero, id_director, id_usuario) values ('447046117-2', 'Go for Sisters', '1919-03-30 15:16:15', 84, 59, 7, 'Nulla ut erat id mauris vulputate elementum. Nullam varius. Nulla facilisi.', 'GEN_10', 'DIR_09', '22577777-5');
insert into PELICULA (code, titulo, estreno, precio, duracion, stock, descripcion, id_genero, id_director, id_usuario) values ('453650215-7', 'Ripley''s Game', '2015-03-04 20:54:19', 19, 37, 6, 'Morbi non lectus. Aliquam sit amet diam in magna bibendum imperdiet. Nullam orci pede, venenatis non, sodales sed, tincidunt eu, felis.', 'GEN_09', 'DIR_02', '22577777-5');
insert into PELICULA (code, titulo, estreno, precio, duracion, stock, descripcion, id_genero, id_director, id_usuario) values ('944545419-7', 'Without Warning', '1963-05-17 18:39:24', 52, 111, 10, 'Sed ante. Vivamus tortor. Duis mattis egestas metus.', 'GEN_07', 'DIR_03', '22577777-5');
insert into PELICULA (code, titulo, estreno, precio, duracion, stock, descripcion, id_genero, id_director, id_usuario) values ('894636216-2', 'Posse', '2012-11-03 11:47:38', 85, 66, 6, 'In hac habitasse platea dictumst. Morbi vestibulum, velit id pretium iaculis, diam erat fermentum justo, nec condimentum neque sapien placerat ante. Nulla justo.', 'GEN_09', 'DIR_03', '22577777-5');
insert into PELICULA (code, titulo, estreno, precio, duracion, stock, descripcion, id_genero, id_director, id_usuario) values ('432496953-1', 'Charming Mass Suicide, A (Hurmaava joukkoitsemurha)', '2009-12-31 16:02:29', 57, 43, 8, 'Mauris enim leo, rhoncus sed, vestibulum sit amet, cursus id, turpis. Integer aliquet, massa id lobortis convallis, tortor risus dapibus augue, vel accumsan tellus nisi eu orci. Mauris lacinia sapien quis libero.', 'GEN_02', 'DIR_12', '22577777-5');
insert into PELICULA (code, titulo, estreno, precio, duracion, stock, descripcion, id_genero, id_director, id_usuario) values ('670815035-2', 'Mr. Deeds', '1979-02-07 08:17:16', 66, 109, 10, 'Fusce posuere felis sed lacus. Morbi sem mauris, laoreet ut, rhoncus aliquet, pulvinar sed, nisl. Nunc rhoncus dui vel sem.', 'GEN_01', 'DIR_06', '22577777-5');
insert into PELICULA (code, titulo, estreno, precio, duracion, stock, descripcion, id_genero, id_director, id_usuario) values ('968256693-2', 'My Boy Jack', '1974-01-12 19:27:10', 52, 120, 10, 'Maecenas leo odio, condimentum id, luctus nec, molestie sed, justo. Pellentesque viverra pede ac diam. Cras pellentesque volutpat dui.', 'GEN_09', 'DIR_08', '22577777-5');
insert into PELICULA (code, titulo, estreno, precio, duracion, stock, descripcion, id_genero, id_director, id_usuario) values ('678948732-8', 'Zombie High', '2018-10-05 14:31:29', 26, 67, 5, 'Duis bibendum, felis sed interdum venenatis, turpis enim blandit mi, in porttitor pede justo eu massa. Donec dapibus. Duis at velit eu est congue elementum.', 'GEN_08', 'DIR_14', '22577777-5');
insert into PELICULA (code, titulo, estreno, precio, duracion, stock, descripcion, id_genero, id_director, id_usuario) values ('634904247-6', 'Deadfall', '1912-08-29 20:43:08', 33, 69, 7, 'Fusce consequat. Nulla nisl. Nunc nisl.', 'GEN_07', 'DIR_06', '22577777-5');
insert into PELICULA (code, titulo, estreno, precio, duracion, stock, descripcion, id_genero, id_director, id_usuario) values ('194984751-9', 'Theodore Rex', '1960-06-08 11:23:52', 89, 83, 9, 'Mauris enim leo, rhoncus sed, vestibulum sit amet, cursus id, turpis. Integer aliquet, massa id lobortis convallis, tortor risus dapibus augue, vel accumsan tellus nisi eu orci. Mauris lacinia sapien quis libero.', 'GEN_05', 'DIR_05', '22577777-5');
insert into PELICULA (code, titulo, estreno, precio, duracion, stock, descripcion, id_genero, id_director, id_usuario) values ('497344977-6', 'Medora', '2009-11-08 14:06:05', 53, 102, 7, 'Duis bibendum. Morbi non quam nec dui luctus rutrum. Nulla tellus.', 'GEN_08', 'DIR_04', '22577777-5');
insert into PELICULA (code, titulo, estreno, precio, duracion, stock, descripcion, id_genero, id_director, id_usuario) values ('509065050-0', 'Big Kahuna, The', '1984-08-16 11:37:42', 99, 96, 6, 'In congue. Etiam justo. Etiam pretium iaculis justo.', 'GEN_09', 'DIR_09', '22577777-5');
insert into PELICULA (code, titulo, estreno, precio, duracion, stock, descripcion, id_genero, id_director, id_usuario) values ('428871959-3', 'Company, The', '1936-01-15 11:02:36', 19, 41, 9, 'Vestibulum ac est lacinia nisi venenatis tristique. Fusce congue, diam id ornare imperdiet, sapien urna pretium nisl, ut volutpat sapien arcu sed augue. Aliquam erat volutpat.', 'GEN_07', 'DIR_08', '22577777-5');
insert into PELICULA (code, titulo, estreno, precio, duracion, stock, descripcion, id_genero, id_director, id_usuario) values ('353416579-9', 'Celeste and Jesse Forever (Celeste & Jesse Forever)', '1924-10-14 11:33:11', 46, 98, 10, 'Vestibulum ac est lacinia nisi venenatis tristique. Fusce congue, diam id ornare imperdiet, sapien urna pretium nisl, ut volutpat sapien arcu sed augue. Aliquam erat volutpat.', 'GEN_08', 'DIR_14', '22577777-5');
insert into PELICULA (code, titulo, estreno, precio, duracion, stock, descripcion, id_genero, id_director, id_usuario) values ('910085126-4', 'Two Rode Together', '1973-04-04 02:34:13', 15, 112, 9, 'Morbi non lectus. Aliquam sit amet diam in magna bibendum imperdiet. Nullam orci pede, venenatis non, sodales sed, tincidunt eu, felis.', 'GEN_08', 'DIR_14', '22577777-5');
insert into PELICULA (code, titulo, estreno, precio, duracion, stock, descripcion, id_genero, id_director, id_usuario) values ('970932848-4', 'Love Exposure', '2007-12-11 22:53:50', 93, 72, 6, 'Nullam porttitor lacus at turpis. Donec posuere metus vitae ipsum. Aliquam non mauris.', 'GEN_10', 'DIR_14', '22577777-5');
insert into PELICULA (code, titulo, estreno, precio, duracion, stock, descripcion, id_genero, id_director, id_usuario) values ('207882184-5', 'Griffin & Phoenix', '1929-02-08 00:20:41', 39, 41, 5, 'Vestibulum quam sapien, varius ut, blandit non, interdum in, ante. Vestibulum ante ipsum primis in faucibus orci luctus et ultrices posuere cubilia Curae; Duis faucibus accumsan odio. Curabitur convallis.', 'GEN_03', 'DIR_01', '22577777-5');
insert into PELICULA (code, titulo, estreno, precio, duracion, stock, descripcion, id_genero, id_director, id_usuario) values ('633976100-3', 'Baffled!', '1922-09-22 10:23:29', 98, 113, 5, 'Nullam sit amet turpis elementum ligula vehicula consequat. Morbi a ipsum. Integer a nibh.', 'GEN_03', 'DIR_15', '22577777-5');
insert into PELICULA (code, titulo, estreno, precio, duracion, stock, descripcion, id_genero, id_director, id_usuario) values ('446506172-2', 'Special Forces (Forces spéciales)', '1923-01-02 09:49:58', 29, 30, 9, 'Nulla ut erat id mauris vulputate elementum. Nullam varius. Nulla facilisi.', 'GEN_06', 'DIR_03', '22577777-5');
insert into PELICULA (code, titulo, estreno, precio, duracion, stock, descripcion, id_genero, id_director, id_usuario) values ('592352822-3', 'Riding Giants', '2006-07-01 07:11:33', 18, 61, 10, 'Curabitur gravida nisi at nibh. In hac habitasse platea dictumst. Aliquam augue quam, sollicitudin vitae, consectetuer eget, rutrum at, lorem.', 'GEN_06', 'DIR_03', '22577777-5');
insert into PELICULA (code, titulo, estreno, precio, duracion, stock, descripcion, id_genero, id_director, id_usuario) values ('665453987-7', 'Paulie', '1999-02-23 11:49:17', 48, 69, 7, 'Fusce consequat. Nulla nisl. Nunc nisl.', 'GEN_09', 'DIR_05', '22577777-5');
insert into PELICULA (code, titulo, estreno, precio, duracion, stock, descripcion, id_genero, id_director, id_usuario) values ('727452881-5', 'Wall Street: Money Never Sleeps', '1911-04-21 21:27:37', 13, 89, 5, 'Curabitur in libero ut massa volutpat convallis. Morbi odio odio, elementum eu, interdum eu, tincidunt in, leo. Maecenas pulvinar lobortis est.', 'GEN_05', 'DIR_09', '22577777-5');
insert into PELICULA (code, titulo, estreno, precio, duracion, stock, descripcion, id_genero, id_director, id_usuario) values ('828719998-0', 'Just Like Me (Igualita a Mi)', '1927-01-15 17:58:42', 45, 55, 7, 'Aliquam quis turpis eget elit sodales scelerisque. Mauris sit amet eros. Suspendisse accumsan tortor quis turpis.', 'GEN_04', 'DIR_02', '22577777-5');
insert into PELICULA (code, titulo, estreno, precio, duracion, stock, descripcion, id_genero, id_director, id_usuario) values ('723468352-6', 'Open Heart', '2021-09-11 09:13:26', 35, 100, 9, 'Proin leo odio, porttitor id, consequat in, consequat ut, nulla. Sed accumsan felis. Ut at dolor quis odio consequat varius.', 'GEN_01', 'DIR_15', '22577777-5');
insert into PELICULA (code, titulo, estreno, precio, duracion, stock, descripcion, id_genero, id_director, id_usuario) values ('116978651-0', 'Sex and Death 101', '1936-08-24 23:13:06', 18, 89, 9, 'Fusce consequat. Nulla nisl. Nunc nisl.', 'GEN_03', 'DIR_12', '22577777-5');
insert into PELICULA (code, titulo, estreno, precio, duracion, stock, descripcion, id_genero, id_director, id_usuario) values ('600550527-0', 'Bill Hicks: Relentless', '1985-01-15 10:28:23', 58, 96, 9, 'Aenean fermentum. Donec ut mauris eget massa tempor convallis. Nulla neque libero, convallis eget, eleifend luctus, ultricies eu, nibh.', 'GEN_09', 'DIR_09', '22577777-5');
insert into PELICULA (code, titulo, estreno, precio, duracion, stock, descripcion, id_genero, id_director, id_usuario) values ('883018409-8', 'Trigun: Badlands Rumble', '1981-06-25 03:38:11', 82, 58, 6, 'Fusce posuere felis sed lacus. Morbi sem mauris, laoreet ut, rhoncus aliquet, pulvinar sed, nisl. Nunc rhoncus dui vel sem.', 'GEN_01', 'DIR_15', '22577777-5');
insert into PELICULA (code, titulo, estreno, precio, duracion, stock, descripcion, id_genero, id_director, id_usuario) values ('920952435-7', 'Hunger', '1995-03-11 19:26:41', 83, 78, 5, 'Aliquam quis turpis eget elit sodales scelerisque. Mauris sit amet eros. Suspendisse accumsan tortor quis turpis.', 'GEN_08', 'DIR_04', '22577777-5');
insert into PELICULA (code, titulo, estreno, precio, duracion, stock, descripcion, id_genero, id_director, id_usuario) values ('272741002-6', 'Motel Life, The', '1928-04-26 11:31:24', 30, 104, 8, 'Phasellus sit amet erat. Nulla tempus. Vivamus in felis eu sapien cursus vestibulum.', 'GEN_08', 'DIR_01', '22577777-5');
insert into PELICULA (code, titulo, estreno, precio, duracion, stock, descripcion, id_genero, id_director, id_usuario) values ('107230109-1', 'Star Wars: Episode VI - Return of the Jedi', '1993-12-24 18:54:01', 94, 35, 10, 'Aenean lectus. Pellentesque eget nunc. Donec quis orci eget orci vehicula condimentum.', 'GEN_10', 'DIR_09', '22577777-5');
insert into PELICULA (code, titulo, estreno, precio, duracion, stock, descripcion, id_genero, id_director, id_usuario) values ('631178984-1', 'Eye for an Eye', '1918-03-28 04:46:06', 63, 73, 8, 'Nullam sit amet turpis elementum ligula vehicula consequat. Morbi a ipsum. Integer a nibh.', 'GEN_04', 'DIR_02', '22577777-5');
insert into PELICULA (code, titulo, estreno, precio, duracion, stock, descripcion, id_genero, id_director, id_usuario) values ('504641126-1', 'At Midnight I''ll Take Your Soul (À Meia-Noite Levarei Sua Alma)', '1907-02-13 14:07:18', 98, 107, 7, 'Nulla ut erat id mauris vulputate elementum. Nullam varius. Nulla facilisi.', 'GEN_02', 'DIR_11', '22577777-5');
insert into PELICULA (code, titulo, estreno, precio, duracion, stock, descripcion, id_genero, id_director, id_usuario) values ('982196636-5', 'Devil''s Rejects, The', '1930-05-03 22:06:56', 96, 94, 9, 'In quis justo. Maecenas rhoncus aliquam lacus. Morbi quis tortor id nulla ultrices aliquet.', 'GEN_01', 'DIR_15', '22577777-5');
insert into PELICULA (code, titulo, estreno, precio, duracion, stock, descripcion, id_genero, id_director, id_usuario) values ('854206269-8', 'Firestarter', '2018-08-10 17:13:48', 57, 76, 7, 'In hac habitasse platea dictumst. Morbi vestibulum, velit id pretium iaculis, diam erat fermentum justo, nec condimentum neque sapien placerat ante. Nulla justo.', 'GEN_04', 'DIR_02', '22577777-5');
insert into PELICULA (code, titulo, estreno, precio, duracion, stock, descripcion, id_genero, id_director, id_usuario) values ('509610646-2', 'War Witch (Rebelle)', '1922-06-15 05:32:21', 80, 48, 8, 'Proin leo odio, porttitor id, consequat in, consequat ut, nulla. Sed accumsan felis. Ut at dolor quis odio consequat varius.', 'GEN_07', 'DIR_12', '22577777-5');
insert into PELICULA (code, titulo, estreno, precio, duracion, stock, descripcion, id_genero, id_director, id_usuario) values ('061564284-5', 'Ghost and Mr. Chicken, The', '1930-06-27 07:51:02', 14, 70, 5, 'Nam ultrices, libero non mattis pulvinar, nulla pede ullamcorper augue, a suscipit nulla elit ac nulla. Sed vel enim sit amet nunc viverra dapibus. Nulla suscipit ligula in lacus.', 'GEN_06', 'DIR_12', '22577777-5');
insert into PELICULA (code, titulo, estreno, precio, duracion, stock, descripcion, id_genero, id_director, id_usuario) values ('027277441-3', 'Nun''s Story, The', '1978-09-13 12:13:06', 81, 81, 5, 'Maecenas ut massa quis augue luctus tincidunt. Nulla mollis molestie lorem. Quisque ut erat.', 'GEN_05', 'DIR_09', '22577777-5');
insert into PELICULA (code, titulo, estreno, precio, duracion, stock, descripcion, id_genero, id_director, id_usuario) values ('323692556-6', 'Wholly Moses', '1950-08-02 06:03:26', 26, 88, 10, 'Curabitur gravida nisi at nibh. In hac habitasse platea dictumst. Aliquam augue quam, sollicitudin vitae, consectetuer eget, rutrum at, lorem.', 'GEN_10', 'DIR_03', '22577777-5');
insert into PELICULA (code, titulo, estreno, precio, duracion, stock, descripcion, id_genero, id_director, id_usuario) values ('617000428-2', 'War Stories', '1964-08-22 08:58:38', 82, 95, 7, 'Aenean fermentum. Donec ut mauris eget massa tempor convallis. Nulla neque libero, convallis eget, eleifend luctus, ultricies eu, nibh.', 'GEN_05', 'DIR_01', '22577777-5');
insert into PELICULA (code, titulo, estreno, precio, duracion, stock, descripcion, id_genero, id_director, id_usuario) values ('664258028-1', 'Sorority Wars', '1919-01-27 10:35:47', 97, 94, 10, 'Morbi non lectus. Aliquam sit amet diam in magna bibendum imperdiet. Nullam orci pede, venenatis non, sodales sed, tincidunt eu, felis.', 'GEN_01', 'DIR_14', '22577777-5');
insert into PELICULA (code, titulo, estreno, precio, duracion, stock, descripcion, id_genero, id_director, id_usuario) values ('663488725-X', 'Fantasia', '1996-06-12 19:08:02', 30, 90, 9, 'Vestibulum ac est lacinia nisi venenatis tristique. Fusce congue, diam id ornare imperdiet, sapien urna pretium nisl, ut volutpat sapien arcu sed augue. Aliquam erat volutpat.', 'GEN_09', 'DIR_05', '22577777-5');
insert into PELICULA (code, titulo, estreno, precio, duracion, stock, descripcion, id_genero, id_director, id_usuario) values ('258748358-1', 'Babette Goes to War', '1947-05-22 14:57:36', 38, 72, 7, 'Proin eu mi. Nulla ac enim. In tempor, turpis nec euismod scelerisque, quam turpis adipiscing lorem, vitae mattis nibh ligula nec sem.', 'GEN_02', 'DIR_07', '22577777-5');
insert into PELICULA (code, titulo, estreno, precio, duracion, stock, descripcion, id_genero, id_director, id_usuario) values ('590375881-9', 'Frenchmen (Le coeur des hommes)', '1902-01-13 19:36:18', 32, 59, 6, 'Curabitur gravida nisi at nibh. In hac habitasse platea dictumst. Aliquam augue quam, sollicitudin vitae, consectetuer eget, rutrum at, lorem.', 'GEN_04', 'DIR_01', '22577777-5');
insert into PELICULA (code, titulo, estreno, precio, duracion, stock, descripcion, id_genero, id_director, id_usuario) values ('945699158-X', 'Hannah Arendt', '2020-10-15 18:40:41', 40, 65, 6, 'Sed ante. Vivamus tortor. Duis mattis egestas metus.', 'GEN_01', 'DIR_08', '22577777-5');
insert into PELICULA (code, titulo, estreno, precio, duracion, stock, descripcion, id_genero, id_director, id_usuario) values ('260590450-4', 'Male Domination', '1953-03-03 11:48:25', 13, 105, 7, 'Proin eu mi. Nulla ac enim. In tempor, turpis nec euismod scelerisque, quam turpis adipiscing lorem, vitae mattis nibh ligula nec sem.', 'GEN_10', 'DIR_05', '22577777-5');
insert into PELICULA (code, titulo, estreno, precio, duracion, stock, descripcion, id_genero, id_director, id_usuario) values ('012035874-3', 'Just Cause', '2018-01-28 14:17:43', 66, 112, 6, 'Proin leo odio, porttitor id, consequat in, consequat ut, nulla. Sed accumsan felis. Ut at dolor quis odio consequat varius.', 'GEN_10', 'DIR_07', '22577777-5');
insert into PELICULA (code, titulo, estreno, precio, duracion, stock, descripcion, id_genero, id_director, id_usuario) values ('846404186-1', 'Misérables, Les', '1905-07-02 06:47:03', 11, 69, 6, 'Aliquam quis turpis eget elit sodales scelerisque. Mauris sit amet eros. Suspendisse accumsan tortor quis turpis.', 'GEN_06', 'DIR_10', '22577777-5');
insert into PELICULA (code, titulo, estreno, precio, duracion, stock, descripcion, id_genero, id_director, id_usuario) values ('600845054-X', 'Bohemian Life, The (La vie de bohème)', '1931-08-15 18:46:41', 42, 116, 7, 'Aenean fermentum. Donec ut mauris eget massa tempor convallis. Nulla neque libero, convallis eget, eleifend luctus, ultricies eu, nibh.', 'GEN_07', 'DIR_13', '22577777-5');
insert into PELICULA (code, titulo, estreno, precio, duracion, stock, descripcion, id_genero, id_director, id_usuario) values ('968832564-3', 'High Roller: The Stu Ungar Story', '1982-02-07 07:43:15', 100, 91, 8, 'Quisque id justo sit amet sapien dignissim vestibulum. Vestibulum ante ipsum primis in faucibus orci luctus et ultrices posuere cubilia Curae; Nulla dapibus dolor vel est. Donec odio justo, sollicitudin ut, suscipit a, feugiat et, eros.', 'GEN_07', 'DIR_14', '22577777-5');
insert into PELICULA (code, titulo, estreno, precio, duracion, stock, descripcion, id_genero, id_director, id_usuario) values ('609786270-9', 'Pretty One, The', '1936-03-27 20:19:33', 42, 83, 9, 'Sed sagittis. Nam congue, risus semper porta volutpat, quam pede lobortis ligula, sit amet eleifend pede libero quis orci. Nullam molestie nibh in lectus.', 'GEN_03', 'DIR_05', '22577777-5');
insert into PELICULA (code, titulo, estreno, precio, duracion, stock, descripcion, id_genero, id_director, id_usuario) values ('357134957-1', 'Terraferma', '1922-03-06 21:02:48', 85, 103, 6, 'Praesent id massa id nisl venenatis lacinia. Aenean sit amet justo. Morbi ut odio.', 'GEN_02', 'DIR_13', '22577777-5');
insert into PELICULA (code, titulo, estreno, precio, duracion, stock, descripcion, id_genero, id_director, id_usuario) values ('480663477-8', 'Dr. Dolittle 3', '1939-10-28 04:36:57', 33, 36, 10, 'Fusce consequat. Nulla nisl. Nunc nisl.', 'GEN_05', 'DIR_13', '22577777-5');
insert into PELICULA (code, titulo, estreno, precio, duracion, stock, descripcion, id_genero, id_director, id_usuario) values ('210777106-5', 'Sebastian', '1958-11-08 19:25:59', 10, 37, 9, 'Donec diam neque, vestibulum eget, vulputate ut, ultrices vel, augue. Vestibulum ante ipsum primis in faucibus orci luctus et ultrices posuere cubilia Curae; Donec pharetra, magna vestibulum aliquet ultrices, erat tortor sollicitudin mi, sit amet lobortis sapien sapien non mi. Integer ac neque.', 'GEN_07', 'DIR_11', '22577777-5');
insert into PELICULA (code, titulo, estreno, precio, duracion, stock, descripcion, id_genero, id_director, id_usuario) values ('316324658-3', 'Day and Night (Le jour et la nuit)', '2007-04-25 23:47:24', 15, 30, 9, 'In congue. Etiam justo. Etiam pretium iaculis justo.', 'GEN_07', 'DIR_04', '22577777-5');
insert into PELICULA (code, titulo, estreno, precio, duracion, stock, descripcion, id_genero, id_director, id_usuario) values ('990696224-0', 'Wonderful Crook, The (Pas si méchant que ça)', '1961-09-22 19:27:26', 48, 96, 8, 'Aenean lectus. Pellentesque eget nunc. Donec quis orci eget orci vehicula condimentum.', 'GEN_02', 'DIR_03', '22577777-5');
insert into PELICULA (code, titulo, estreno, precio, duracion, stock, descripcion, id_genero, id_director, id_usuario) values ('071669646-0', 'Combat Girls (Kriegerin)', '1957-03-23 15:44:52', 32, 46, 10, 'Donec diam neque, vestibulum eget, vulputate ut, ultrices vel, augue. Vestibulum ante ipsum primis in faucibus orci luctus et ultrices posuere cubilia Curae; Donec pharetra, magna vestibulum aliquet ultrices, erat tortor sollicitudin mi, sit amet lobortis sapien sapien non mi. Integer ac neque.', 'GEN_06', 'DIR_15', '22577777-5');
insert into PELICULA (code, titulo, estreno, precio, duracion, stock, descripcion, id_genero, id_director, id_usuario) values ('862669945-X', 'JCVD', '1988-04-02 01:55:21', 87, 78, 8, 'Phasellus sit amet erat. Nulla tempus. Vivamus in felis eu sapien cursus vestibulum.', 'GEN_02', 'DIR_09', '22577777-5');
insert into PELICULA (code, titulo, estreno, precio, duracion, stock, descripcion, id_genero, id_director, id_usuario) values ('685370258-1', 'Leviathan', '2014-06-12 16:16:56', 95, 50, 10, 'Sed ante. Vivamus tortor. Duis mattis egestas metus.', 'GEN_07', 'DIR_08', '22577777-5');
insert into PELICULA (code, titulo, estreno, precio, duracion, stock, descripcion, id_genero, id_director, id_usuario) values ('825688595-5', 'Strip-tease', '1918-04-29 23:39:09', 44, 30, 8, 'Duis bibendum, felis sed interdum venenatis, turpis enim blandit mi, in porttitor pede justo eu massa. Donec dapibus. Duis at velit eu est congue elementum.', 'GEN_09', 'DIR_04', '22577777-5');
insert into PELICULA (code, titulo, estreno, precio, duracion, stock, descripcion, id_genero, id_director, id_usuario) values ('635453301-6', 'Act Da Fool', '1990-10-29 11:38:29', 79, 98, 8, 'Phasellus in felis. Donec semper sapien a libero. Nam dui.', 'GEN_06', 'DIR_06', '22577777-5');
insert into PELICULA (code, titulo, estreno, precio, duracion, stock, descripcion, id_genero, id_director, id_usuario) values ('882874025-6', 'Dances Sacred and Profane', '2000-11-15 02:15:24', 90, 47, 7, 'Proin eu mi. Nulla ac enim. In tempor, turpis nec euismod scelerisque, quam turpis adipiscing lorem, vitae mattis nibh ligula nec sem.', 'GEN_05', 'DIR_03', '22577777-5');
insert into PELICULA (code, titulo, estreno, precio, duracion, stock, descripcion, id_genero, id_director, id_usuario) values ('493826852-3', 'Hedgehog in the Fog', '1937-09-18 21:03:59', 93, 120, 5, 'Sed sagittis. Nam congue, risus semper porta volutpat, quam pede lobortis ligula, sit amet eleifend pede libero quis orci. Nullam molestie nibh in lectus.', 'GEN_08', 'DIR_11', '22577777-5');
insert into PELICULA (code, titulo, estreno, precio, duracion, stock, descripcion, id_genero, id_director, id_usuario) values ('294699562-3', 'Love & Sex', '1917-12-06 06:48:34', 57, 85, 9, 'Vestibulum quam sapien, varius ut, blandit non, interdum in, ante. Vestibulum ante ipsum primis in faucibus orci luctus et ultrices posuere cubilia Curae; Duis faucibus accumsan odio. Curabitur convallis.', 'GEN_09', 'DIR_07', '22577777-5');
insert into PELICULA (code, titulo, estreno, precio, duracion, stock, descripcion, id_genero, id_director, id_usuario) values ('738024622-4', 'Prisoner of Zenda, The', '1938-08-01 15:51:59', 52, 95, 5, 'Morbi non lectus. Aliquam sit amet diam in magna bibendum imperdiet. Nullam orci pede, venenatis non, sodales sed, tincidunt eu, felis.', 'GEN_05', 'DIR_02', '22577777-5');
insert into PELICULA (code, titulo, estreno, precio, duracion, stock, descripcion, id_genero, id_director, id_usuario) values ('988183840-1', 'Trust', '2009-10-12 07:00:55', 33, 34, 10, 'Proin leo odio, porttitor id, consequat in, consequat ut, nulla. Sed accumsan felis. Ut at dolor quis odio consequat varius.', 'GEN_01', 'DIR_08', '22577777-5');
insert into PELICULA (code, titulo, estreno, precio, duracion, stock, descripcion, id_genero, id_director, id_usuario) values ('556249106-0', 'Return to Horror High', '1991-12-12 16:34:35', 63, 90, 10, 'Phasellus in felis. Donec semper sapien a libero. Nam dui.', 'GEN_06', 'DIR_12', '22577777-5');
insert into PELICULA (code, titulo, estreno, precio, duracion, stock, descripcion, id_genero, id_director, id_usuario) values ('465234107-5', 'Tetsuo, the Ironman (Tetsuo)', '1989-06-20 17:14:44', 19, 70, 6, 'Phasellus sit amet erat. Nulla tempus. Vivamus in felis eu sapien cursus vestibulum.', 'GEN_03', 'DIR_07', '22577777-5');
insert into PELICULA (code, titulo, estreno, precio, duracion, stock, descripcion, id_genero, id_director, id_usuario) values ('907704103-6', 'Two Night Stand', '1975-07-22 21:26:00', 33, 31, 7, 'Fusce consequat. Nulla nisl. Nunc nisl.', 'GEN_07', 'DIR_12', '22577777-5');
insert into PELICULA (code, titulo, estreno, precio, duracion, stock, descripcion, id_genero, id_director, id_usuario) values ('774420968-0', 'Tale of Sweeney Todd, The', '2021-06-13 02:24:21', 58, 75, 5, 'Maecenas leo odio, condimentum id, luctus nec, molestie sed, justo. Pellentesque viverra pede ac diam. Cras pellentesque volutpat dui.', 'GEN_01', 'DIR_06', '22577777-5');
insert into PELICULA (code, titulo, estreno, precio, duracion, stock, descripcion, id_genero, id_director, id_usuario) values ('193666585-9', 'The Cat''s Out', '1922-06-04 14:58:21', 54, 79, 9, 'Maecenas ut massa quis augue luctus tincidunt. Nulla mollis molestie lorem. Quisque ut erat.', 'GEN_03', 'DIR_15', '22577777-5');
insert into PELICULA (code, titulo, estreno, precio, duracion, stock, descripcion, id_genero, id_director, id_usuario) values ('243402375-4', 'Man Push Cart', '1956-09-09 02:33:59', 87, 48, 8, 'Duis consequat dui nec nisi volutpat eleifend. Donec ut dolor. Morbi vel lectus in quam fringilla rhoncus.', 'GEN_04', 'DIR_01', '22577777-5');
insert into PELICULA (code, titulo, estreno, precio, duracion, stock, descripcion, id_genero, id_director, id_usuario) values ('660797449-X', 'Smilin'' Through', '1940-06-16 19:07:51', 93, 115, 5, 'Sed ante. Vivamus tortor. Duis mattis egestas metus.', 'GEN_01', 'DIR_06', '22577777-5');
insert into PELICULA (code, titulo, estreno, precio, duracion, stock, descripcion, id_genero, id_director, id_usuario) values ('148921942-0', 'Grand Budapest Hotel, The', '2000-12-14 02:50:25', 35, 109, 10, 'In quis justo. Maecenas rhoncus aliquam lacus. Morbi quis tortor id nulla ultrices aliquet.', 'GEN_01', 'DIR_08', '22577777-5');
insert into PELICULA (code, titulo, estreno, precio, duracion, stock, descripcion, id_genero, id_director, id_usuario) values ('001851119-8', 'Grief', '1954-09-07 18:01:54', 15, 105, 8, 'Cras non velit nec nisi vulputate nonummy. Maecenas tincidunt lacus at velit. Vivamus vel nulla eget eros elementum pellentesque.', 'GEN_01', 'DIR_08', '22577777-5');
insert into PELICULA (code, titulo, estreno, precio, duracion, stock, descripcion, id_genero, id_director, id_usuario) values ('243032502-0', 'Neil Young Journeys', '1966-02-16 23:02:31', 63, 69, 5, 'Integer tincidunt ante vel ipsum. Praesent blandit lacinia erat. Vestibulum sed magna at nunc commodo placerat.', 'GEN_01', 'DIR_10', '22577777-5');
insert into PELICULA (code, titulo, estreno, precio, duracion, stock, descripcion, id_genero, id_director, id_usuario) values ('378136155-1', 'Open Season 3', '1955-05-22 05:36:02', 24, 63, 8, 'Duis consequat dui nec nisi volutpat eleifend. Donec ut dolor. Morbi vel lectus in quam fringilla rhoncus.', 'GEN_08', 'DIR_03', '22577777-5');
insert into PELICULA (code, titulo, estreno, precio, duracion, stock, descripcion, id_genero, id_director, id_usuario) values ('823206953-8', 'Beverly Hills Cop III', '1979-05-24 13:47:51', 51, 57, 8, 'Aenean lectus. Pellentesque eget nunc. Donec quis orci eget orci vehicula condimentum.', 'GEN_10', 'DIR_12', '22577777-5');
insert into PELICULA (code, titulo, estreno, precio, duracion, stock, descripcion, id_genero, id_director, id_usuario) values ('435373895-X', 'Zatoichi the Outlaw (Zatôichi rôyaburi) (Zatôichi 16)', '1992-06-03 03:00:44', 14, 115, 5, 'Nam ultrices, libero non mattis pulvinar, nulla pede ullamcorper augue, a suscipit nulla elit ac nulla. Sed vel enim sit amet nunc viverra dapibus. Nulla suscipit ligula in lacus.', 'GEN_05', 'DIR_02', '22577777-5');
insert into PELICULA (code, titulo, estreno, precio, duracion, stock, descripcion, id_genero, id_director, id_usuario) values ('676527722-6', 'Exit to Hell', '1956-12-03 17:49:36', 39, 67, 8, 'Maecenas tristique, est et tempus semper, est quam pharetra magna, ac consequat metus sapien ut nunc. Vestibulum ante ipsum primis in faucibus orci luctus et ultrices posuere cubilia Curae; Mauris viverra diam vitae quam. Suspendisse potenti.', 'GEN_06', 'DIR_11', '22577777-5');
insert into PELICULA (code, titulo, estreno, precio, duracion, stock, descripcion, id_genero, id_director, id_usuario) values ('274519907-2', 'Baran', '2009-03-21 01:11:52', 25, 61, 10, 'Vestibulum ac est lacinia nisi venenatis tristique. Fusce congue, diam id ornare imperdiet, sapien urna pretium nisl, ut volutpat sapien arcu sed augue. Aliquam erat volutpat.', 'GEN_04', 'DIR_01', '22577777-5');
insert into PELICULA (code, titulo, estreno, precio, duracion, stock, descripcion, id_genero, id_director, id_usuario) values ('150317129-9', 'Synchromy', '2005-04-05 04:58:48', 98, 107, 5, 'Duis aliquam convallis nunc. Proin at turpis a pede posuere nonummy. Integer non velit.', 'GEN_07', 'DIR_02', '22577777-5');
insert into PELICULA (code, titulo, estreno, precio, duracion, stock, descripcion, id_genero, id_director, id_usuario) values ('139870233-1', 'View from the Top, A', '1988-02-25 16:30:32', 79, 33, 6, 'Nam ultrices, libero non mattis pulvinar, nulla pede ullamcorper augue, a suscipit nulla elit ac nulla. Sed vel enim sit amet nunc viverra dapibus. Nulla suscipit ligula in lacus.', 'GEN_01', 'DIR_03', '22577777-5');

SELECT * FROM PELICULA;